,TSR,TFR,NTSR,NTFR,CR,OR,TR,APE,AOE,APT,AIT
2-1,33.33333333333333,0.0,0.0,0.0,33.33333333333333,33.33333333333333,0.0,0.4553335458040237,1.1413726806640625,24.333333333333336,0.0782726764256227
2-3,100.0,0.0,0.0,0.0,0.0,0.0,0.0,0.3178423345088959,0.5219243367513021,21.927777777777777,0.0775517666851583
2-5,50.0,0.0,50.0,0.0,0.0,0.0,0.0,0.3217009902000427,0.6794891357421875,22.75555555555556,0.078550467374681
2-7,83.33333333333334,0.0,0.0,0.0,0.0,0.0,16.666666666666664,0.4258432745933532,0.7521392822265625,23.35333333333333,0.0775738428670463
2-9,83.33333333333334,0.0,0.0,0.0,16.666666666666664,0.0,0.0,0.4351651132106781,0.7808380126953125,22.380000000000003,0.077474642210029
2-11,83.33333333333334,16.666666666666664,0.0,0.0,0.0,0.0,0.0,0.4246531665325165,0.56800537109375,22.3,0.0833892952447376
2-13,83.33333333333334,16.666666666666664,0.0,0.0,0.0,0.0,0.0,0.3996467590332031,0.871807861328125,21.85333333333333,0.0833887855675022
2-15,83.33333333333334,0.0,0.0,0.0,0.0,0.0,16.666666666666664,0.4014747321605682,0.4118316650390625,24.726666666666667,0.0831771154835709
3-1,0.0,0.0,16.666666666666664,0.0,16.666666666666664,16.666666666666664,50.0,,,,0.0819221958185907
3-3,83.33333333333334,16.666666666666664,0.0,0.0,0.0,0.0,0.0,0.2144586652517318,0.4014321506023407,23.69333333333333,0.0788070119767092
3-5,100.0,0.0,0.0,0.0,0.0,0.0,0.0,0.2681665495038032,0.4841178134083748,23.688888888888886,0.0794299825172592
3-7,100.0,0.0,0.0,0.0,0.0,0.0,0.0,0.2511770650744438,0.6280418237050375,21.811111111111117,0.0791652488708496
3-9,83.33333333333334,0.0,0.0,0.0,0.0,0.0,16.666666666666664,0.1837070509791374,0.4098937526345253,22.106666666666666,0.0789940820603413
3-11,66.66666666666666,0.0,33.33333333333333,0.0,0.0,0.0,0.0,0.3324970826506614,0.8506164699792862,24.09166666666667,0.078591080863824
3-13,83.33333333333334,0.0,16.666666666666664,0.0,0.0,0.0,0.0,0.2828801274299621,0.2192805461585521,25.380000000000003,0.0787484241071617
3-15,66.66666666666666,0.0,16.666666666666664,0.0,0.0,16.666666666666664,0.0,0.1736193113029003,0.4324569292366504,22.93333333333333,0.0785283953382691
Avg,73.95833333333334,3.1249999999999996,8.333333333333332,0.0,4.166666666666666,4.166666666666666,6.25,0.3258777178823947,0.6102165220843421,23.155666666666665,0.07959781333820955
