,TSR,TFR,NTSR,NTFR,CR,OR,TR,APE,AOE,APT,AIT
2-1,16.666666666666664,16.666666666666664,33.33333333333333,0.0,0.0,33.33333333333333,0.0,0.3937961161136627,0.0691375732421875,22.366666666666667,0.078039331277589
2-3,66.66666666666666,16.666666666666664,0.0,0.0,0.0,0.0,16.666666666666664,0.3386985920369625,0.3363723754882812,23.55,0.0769082465864539
2-5,66.66666666666666,0.0,16.666666666666664,0.0,16.666666666666664,0.0,0.0,0.3651474192738533,0.6786956787109375,24.15833333333333,0.0773979850452054
2-7,100.0,0.0,0.0,0.0,0.0,0.0,0.0,0.5013715575138727,0.9404118855794272,22.477777777777774,0.0772971935050432
2-9,100.0,0.0,0.0,0.0,0.0,0.0,0.0,0.3713324045141538,0.9658253987630208,20.883333333333336,0.0771989943989144
2-11,83.33333333333334,0.0,16.666666666666664,0.0,0.0,0.0,0.0,0.3762857913970947,1.0420074462890625,22.41333333333333,0.0784241610658383
2-13,66.66666666666666,0.0,33.33333333333333,0.0,0.0,0.0,0.0,0.4322178065776825,0.6120796203613281,22.166666666666668,0.0776661817358915
2-15,66.66666666666666,0.0,33.33333333333333,0.0,0.0,0.0,0.0,0.2745821848511696,0.1705093383789062,23.15,0.077280201314585
3-1,50.0,0.0,33.33333333333333,0.0,0.0,16.666666666666664,0.0,0.373925507068634,0.2689875364303589,25.777777777777786,0.0773474860084431
3-3,83.33333333333334,0.0,16.666666666666664,0.0,0.0,0.0,0.0,0.2844130456447601,0.4088567584753036,24.54666666666667,0.0779524331158438
3-5,100.0,0.0,0.0,0.0,0.0,0.0,0.0,0.2268105695645014,0.4342282612730438,24.45,0.0784963232211091
3-7,83.33333333333334,0.0,0.0,0.0,0.0,0.0,16.666666666666664,0.2075817346572876,0.3806694254279136,22.49333333333333,0.0780499890152345
3-9,66.66666666666666,0.0,16.666666666666664,0.0,16.666666666666664,0.0,0.0,0.2453814297914505,0.882082037627697,21.84166666666667,0.0781350541168144
3-11,100.0,0.0,0.0,0.0,0.0,0.0,0.0,0.1810554675757885,0.1680544018745422,23.05,0.0778382725985545
3-13,66.66666666666666,0.0,16.666666666666664,0.0,0.0,0.0,16.666666666666664,0.2532989159226417,0.4069080632179975,25.225,0.0780216951828674
3-15,50.0,0.0,16.666666666666664,0.0,16.666666666666664,0.0,16.666666666666664,0.1418812324603398,0.4489452391862869,24.022222222222226,0.0777568412952668
Avg,72.91666666666667,2.083333333333333,14.583333333333329,0.0,3.1249999999999996,3.1249999999999996,4.166666666666666,0.31048623593524094,0.5133606900203935,23.285798611111115,0.07773814934272838
