,TSR,TFR,NTSR,NTFR,CR,OR,TR,APE,AOE,APT,AIT
2-1,50.0,0.0,16.666666666666664,0.0,0.0,16.666666666666664,16.666666666666664,0.5565979878107706,0.4018046061197917,21.755555555555556,0.07743209954351186
2-3,83.33333333333334,0.0,16.666666666666664,0.0,0.0,0.0,0.0,0.38067615032196045,0.314556884765625,21.04666666666667,0.07689237952703544
2-5,66.66666666666666,0.0,16.666666666666664,0.0,0.0,0.0,16.666666666666664,0.39229384809732437,0.38596343994140625,22.616666666666664,0.07734362823436244
2-7,50.0,0.0,0.0,0.0,50.0,0.0,0.0,0.5552103221416473,0.8682963053385416,21.98888888888889,0.07750570995051687
2-9,83.33333333333334,0.0,0.0,0.0,0.0,0.0,16.666666666666664,0.49978888630867,0.2626861572265625,22.693333333333335,0.07758110939114528
2-11,83.33333333333334,0.0,0.0,0.0,0.0,0.0,16.666666666666664,0.4011472463607788,0.44429931640625,20.366666666666667,0.07913611863549978
2-13,83.33333333333334,0.0,16.666666666666664,0.0,0.0,0.0,0.0,0.45167544186115266,1.9074371337890625,20.066666666666663,0.07821560443792128
2-15,66.66666666666666,0.0,33.33333333333333,0.0,0.0,0.0,0.0,0.41658569872379303,1.0403175354003906,23.599999999999998,0.07762535134254143
3-1,33.33333333333333,0.0,16.666666666666664,0.0,33.33333333333333,16.666666666666664,0.0,0.22992630302906036,0.23984163999557495,24.75,0.07753928616398671
3-3,66.66666666666666,0.0,33.33333333333333,0.0,0.0,0.0,0.0,0.19209841266274452,0.21221406757831573,26.19166666666667,0.07847546237383703
3-5,50.0,0.0,0.0,0.0,50.0,0.0,0.0,0.2589851568142573,0.08748692770799,23.544444444444448,0.07908597052979419
3-7,33.33333333333333,0.0,66.66666666666666,0.0,0.0,0.0,0.0,0.3839544504880905,0.3665109872817993,21.366666666666667,0.07873333408930044
3-9,83.33333333333334,16.666666666666664,0.0,0.0,0.0,0.0,0.0,0.24580130875110626,0.2930507957935333,22.220000000000002,0.07889053946847369
3-11,83.33333333333334,0.0,0.0,0.0,0.0,0.0,16.666666666666664,0.3471810966730118,0.4217066191136837,21.60666666666667,0.07828508591165348
3-13,66.66666666666666,0.0,33.33333333333333,0.0,0.0,0.0,0.0,0.2835316061973572,0.492930106818676,22.116666666666667,0.07826026970211593
3-15,66.66666666666666,0.0,16.666666666666664,0.0,0.0,0.0,16.666666666666664,0.28104292973876,0.3201825385913253,24.091666666666665,0.07821787438368293
Avg,65.625,1.0416666666666665,16.666666666666664,0.0,8.333333333333332,2.083333333333333,6.249999999999999,0.3672810528737803,0.5037053163667831,22.50138888888889,0.07807623898033617
