,TSR,TFR,NTSR,NTFR,CR,OR,TR,APE,AOE,APT,AIT
2-1,33.33333333333333,0.0,33.33333333333333,0.0,0.0,33.33333333333333,0.0,0.2435778081417083,0.3304901123046875,18.68333333333333,0.0787450461803206
2-3,66.66666666666666,0.0,16.666666666666664,0.0,0.0,16.666666666666664,0.0,0.2432891018688678,0.3751144409179687,19.775,0.0784876528350879
2-5,83.33333333333334,0.0,0.0,0.0,0.0,0.0,16.666666666666664,0.2890404313802719,0.7766143798828125,19.506666666666668,0.0788269260246765
2-7,50.0,0.0,0.0,0.0,16.666666666666664,0.0,33.33333333333333,0.3480730056762695,1.8050994873046875,20.355555555555554,0.0787769763172784
2-9,33.33333333333333,0.0,50.0,0.0,16.666666666666664,0.0,0.0,0.3569308817386627,0.6297454833984375,18.8,0.0786527601788048
2-11,83.33333333333334,0.0,0.0,0.0,16.666666666666664,0.0,0.0,0.1452032208442688,0.790997314453125,21.78,0.0802483644960153
2-13,50.0,0.0,33.33333333333333,0.0,16.666666666666664,0.0,0.0,0.1869394555687904,0.2896321614583333,19.333333333333336,0.0792230840501838
2-15,66.66666666666666,0.0,16.666666666666664,0.0,0.0,0.0,16.666666666666664,0.2593251690268516,0.8123550415039062,19.675,0.0788425133372191
3-1,66.66666666666666,0.0,16.666666666666664,0.0,0.0,16.666666666666664,0.0,0.2050495743751526,0.7598063796758652,22.35,0.0790535152209962
3-3,50.0,0.0,16.666666666666664,0.0,16.666666666666664,16.666666666666664,0.0,0.250183492898941,2.0093348224957785,23.155555555555555,0.0797714502704436
3-5,100.0,0.0,0.0,0.0,0.0,0.0,0.0,0.1524767205119133,0.461037370065848,20.866666666666667,0.0803487951286667
3-7,50.0,0.0,16.666666666666664,0.0,33.33333333333333,0.0,0.0,0.2259594698746999,0.3208211064338684,20.1,0.0818673791621513
3-9,16.666666666666664,0.0,33.33333333333333,0.0,33.33333333333333,0.0,16.666666666666664,0.2316633611917495,0.265167236328125,21.966666666666665,0.0799571943738789
3-11,83.33333333333334,0.0,16.666666666666664,0.0,0.0,0.0,0.0,0.2538859739899635,0.6941795527935029,20.44,0.0802494956225883
3-13,66.66666666666666,0.0,0.0,0.0,16.666666666666664,0.0,16.666666666666664,0.0698214415460825,0.2379913125187158,22.433333333333334,0.0786118584352212
3-15,66.66666666666666,0.0,16.666666666666664,0.0,0.0,16.666666666666664,0.0,0.1714657992124557,0.2552140206098556,22.991666666666667,0.078861384402484
Avg,60.41666666666666,0.0,16.66666666666666,0.0,10.416666666666664,6.249999999999998,6.249999999999998,0.22705530674041557,0.6758500138840948,20.76329861111111,0.07940777475225103
