,TSR,TFR,NTSR,NTFR,CR,OR,TR,APE,AOE,APT,AIT
2-1,0.0,0.0,0.0,0.0,16.666666666666664,66.66666666666666,16.666666666666664,,,,0.0784360811173209
2-3,66.66666666666666,0.0,0.0,0.0,16.666666666666664,0.0,16.666666666666664,0.5096966922283173,0.5912246704101562,23.58333333333333,0.0780905902788143
2-5,50.0,0.0,50.0,0.0,0.0,0.0,0.0,0.5320755938688914,1.966379801432292,22.877777777777776,0.0781842798356585
2-7,66.66666666666666,0.0,0.0,0.0,16.666666666666664,0.0,16.666666666666664,0.5861796140670776,0.5410194396972656,21.2,0.078272756886586
2-9,0.0,0.0,83.33333333333334,0.0,16.666666666666664,0.0,0.0,,,,0.0779092917075524
2-11,66.66666666666666,0.0,0.0,0.0,16.666666666666664,0.0,16.666666666666664,0.4472092166543007,0.7156219482421875,22.10833333333333,0.0789849505088291
2-13,66.66666666666666,0.0,0.0,0.0,33.33333333333333,0.0,0.0,0.4606046751141548,0.7665214538574219,22.475,0.0785523837144586
2-15,83.33333333333334,0.0,16.666666666666664,0.0,0.0,0.0,0.0,0.3253674864768981,0.50623779296875,22.85333333333333,0.077795009953635
3-1,0.0,0.0,33.33333333333333,0.0,0.0,66.66666666666666,0.0,,,,0.0777866238182788
3-3,83.33333333333334,0.0,0.0,0.0,0.0,0.0,16.666666666666664,0.2920622080564499,0.4576681792736053,24.5,0.0784468980511137
3-5,100.0,0.0,0.0,0.0,0.0,0.0,0.0,0.2298402984937032,0.6268834918737411,24.916666666666668,0.0789437546195798
3-7,33.33333333333333,0.0,33.33333333333333,16.666666666666664,16.666666666666664,0.0,0.0,0.1980391815304756,0.155144203454256,21.816666666666663,0.0784785113455606
3-9,0.0,0.0,50.0,16.666666666666664,33.33333333333333,0.0,0.0,,,,0.0786948878954388
3-11,50.0,0.0,50.0,0.0,0.0,0.0,0.0,0.4975406030813853,0.6569021940231323,24.188888888888886,0.0779854225330665
3-13,66.66666666666666,16.666666666666664,16.666666666666664,0.0,0.0,0.0,0.0,0.2357920221984386,0.733915850520134,23.941666666666663,0.0779679348399989
3-15,83.33333333333334,0.0,0.0,0.0,0.0,0.0,16.666666666666664,0.1957422107458114,0.1289147023111581,22.886666666666667,0.0777650713147065
Avg,51.04166666666667,1.0416666666666665,20.833333333333332,2.083333333333333,10.416666666666664,8.333333333333332,6.249999999999998,0.3758458168763253,0.6538694773386751,23.11236111111111,0.0782684030262874
