,TSR,TFR,NTSR,NTFR,CR,OR,TR,APE,AOE,APT,AIT
2-1,50.0,16.666666666666664,0.0,0.0,0.0,16.666666666666664,16.666666666666664,0.2519900898138682,0.3100992838541667,19.022222222222222,0.07655774503444582
2-3,50.0,0.0,33.33333333333333,0.0,0.0,16.666666666666664,0.0,0.28493356704711914,0.13068135579427084,20.18888888888889,0.07724639179286297
2-5,66.66666666666666,0.0,16.666666666666664,0.0,16.666666666666664,0.0,0.0,0.40955208241939545,0.4261360168457031,21.1,0.0784919598048791
2-7,66.66666666666666,0.0,0.0,0.0,33.33333333333333,0.0,0.0,0.2720518596470356,0.654144287109375,19.975,0.07743893229486558
2-9,33.33333333333333,0.0,50.0,0.0,16.666666666666664,0.0,0.0,0.18979588896036148,0.3094329833984375,21.65,0.07752994282578538
2-11,66.66666666666666,0.0,0.0,0.0,33.33333333333333,0.0,0.0,0.2684705872088671,1.3258743286132812,21.75,0.07871471143375008
2-13,83.33333333333334,0.0,0.0,0.0,16.666666666666664,0.0,0.0,0.16586215794086456,0.2738739013671875,20.046666666666663,0.07791313475690352
2-15,83.33333333333334,0.0,0.0,0.0,16.666666666666664,0.0,0.0,0.1636090025305748,0.4053741455078125,19.23333333333333,0.08264566429010652
3-1,50.0,16.666666666666664,0.0,0.0,16.666666666666664,16.666666666666664,0.0,0.2277614176273346,0.550292449692885,21.0,0.07612273459068425
3-3,83.33333333333334,0.0,0.0,0.0,16.666666666666664,0.0,0.0,0.14979667961597443,0.3619736015796661,20.28666666666667,0.07668906235092383
3-5,83.33333333333334,0.0,0.0,0.0,0.0,0.0,16.666666666666664,0.18513079285621642,0.34295216500759124,21.613333333333333,0.07714243958003571
3-7,33.33333333333333,0.0,0.0,0.0,50.0,0.0,16.666666666666664,0.30172382295131683,0.4525373503565788,21.583333333333336,0.07685660373382705
3-9,0.0,0.0,66.66666666666666,0.0,16.666666666666664,0.0,16.666666666666664,,,,0.07690560996980596
3-11,50.0,16.666666666666664,33.33333333333333,0.0,0.0,0.0,0.0,0.3056190063556035,0.43989820778369904,21.48888888888889,0.07659293913072156
3-13,83.33333333333334,0.0,0.0,0.0,0.0,0.0,16.666666666666664,0.16223865300416945,0.19212720361538232,24.080000000000002,0.07660760348965237
3-15,33.33333333333333,0.0,66.66666666666666,0.0,0.0,0.0,0.0,0.1151585690677166,0.17504774034023285,27.433333333333334,0.07660357053108637
Avg,57.29166666666667,3.1249999999999996,16.666666666666664,0.0,14.583333333333332,3.1249999999999996,5.208333333333332,,,,0.077503690350646
